run,snr_db,BLEU
text_ce,10.0,0.117381
text_ce,20.0,0.117850
text_nce0.01,10.0,0.156389
text_nce0.01,20.0,0.162524
