run,snr_db,rho_z,rho_enc
mask_ce_U8,10.0,0.423769,0.054195
mask_nce0.01_U8,10.0,0.139974,0.054087
